{
  "total_time": 43.809713,
  "io_time": 11.793144,
  "comm_time": 19.513532
}
