{
  "total_time": 43.734780,
  "io_time": 11.794211,
  "comm_time": 19.505808
}
