{
  "total_time": 43.734760,
  "io_time": 11.792990,
  "comm_time": 19.415112
}
