{
  "total_time": 43.809711,
  "io_time": 11.793248,
  "comm_time": 19.423027
}
