{
  "total_time": 43.808838,
  "io_time": 11.791857,
  "comm_time": 19.659992
}
