{
  "total_time": 43.809721,
  "io_time": 11.792006,
  "comm_time": 19.481191
}
