{
  "total_time": 43.809701,
  "io_time": 11.793910,
  "comm_time": 18.854996
}
