{
  "total_time": 43.771927,
  "io_time": 11.790978,
  "comm_time": 19.515103
}
