{
  "total_time": 43.734733,
  "io_time": 11.794498,
  "comm_time": 19.612943
}
