{
  "total_time": 43.734741,
  "io_time": 11.793049,
  "comm_time": 19.453771
}
