{
  "total_time": 43.734771,
  "io_time": 11.794511,
  "comm_time": 19.551354
}
