{
  "total_time": 43.781329,
  "io_time": 11.792141,
  "comm_time": 19.434112
}
