{
  "total_time": 43.734741,
  "io_time": 11.791766,
  "comm_time": 19.587685
}
