{
  "total_time": 43.734757,
  "io_time": 11.794612,
  "comm_time": 19.516888
}
