{
  "total_time": 43.808843,
  "io_time": 11.794675,
  "comm_time": 19.415217
}
