{
  "total_time": 43.709421,
  "io_time": 11.794556,
  "comm_time": 19.437410
}
