{
  "total_time": 43.734774,
  "io_time": 11.793935,
  "comm_time": 19.465265
}
