{
  "total_time": 43.783060,
  "io_time": 11.795137,
  "comm_time": 19.357406
}
