{
  "total_time": 43.734777,
  "io_time": 11.795463,
  "comm_time": 19.471756
}
