{
  "total_time": 43.734741,
  "io_time": 11.795484,
  "comm_time": 19.495196
}
