{
  "total_time": 43.809716,
  "io_time": 11.794987,
  "comm_time": 19.534548
}
