{
  "total_time": 43.734757,
  "io_time": 11.796608,
  "comm_time": 19.484627
}
