{
  "total_time": 43.771918,
  "io_time": 11.792768,
  "comm_time": 19.478782
}
