{
  "total_time": 43.808837,
  "io_time": 11.791467,
  "comm_time": 19.510048
}
