{
  "total_time": 104.339662,
  "io_time": 13.284395,
  "comm_time": 14.698535
}
