{
  "total_time": 104.321886,
  "io_time": 13.283363,
  "comm_time": 9.965233
}
