{
  "total_time": 104.339334,
  "io_time": 13.283781,
  "comm_time": 13.834346
}
