{
  "total_time": 104.321893,
  "io_time": 13.283519,
  "comm_time": 13.929942
}
