{
  "total_time": 38.370847,
  "io_time": 12.013241,
  "comm_time": 20.073215
}
