{
  "total_time": 38.402371,
  "io_time": 12.014061,
  "comm_time": 20.110236
}
