{
  "total_time": 38.419607,
  "io_time": 12.011758,
  "comm_time": 20.080249
}
