{
  "total_time": 38.402212,
  "io_time": 12.013783,
  "comm_time": 20.020569
}
