{
  "total_time": 38.402065,
  "io_time": 12.014986,
  "comm_time": 20.106205
}
