{
  "total_time": 38.402097,
  "io_time": 12.011793,
  "comm_time": 20.088034
}
