{
  "total_time": 38.419606,
  "io_time": 12.013313,
  "comm_time": 20.019276
}
