{
  "total_time": 38.402112,
  "io_time": 12.014336,
  "comm_time": 20.065118
}
