{
  "total_time": 38.392060,
  "io_time": 12.014469,
  "comm_time": 20.088775
}
