{
  "total_time": 38.360480,
  "io_time": 12.012574,
  "comm_time": 20.092711
}
