{
  "total_time": 38.402146,
  "io_time": 12.014328,
  "comm_time": 20.075621
}
