{
  "total_time": 38.400163,
  "io_time": 12.013767,
  "comm_time": 20.073972
}
