{
  "total_time": 38.370889,
  "io_time": 12.012100,
  "comm_time": 20.191382
}
