{
  "total_time": 38.381497,
  "io_time": 12.014439,
  "comm_time": 20.089930
}
