{
  "total_time": 38.380545,
  "io_time": 12.013400,
  "comm_time": 20.127030
}
