{
  "total_time": 38.380541,
  "io_time": 12.013576,
  "comm_time": 20.076598
}
