{
  "total_time": 38.400166,
  "io_time": 12.014986,
  "comm_time": 20.075996
}
