{
  "total_time": 38.370873,
  "io_time": 12.012215,
  "comm_time": 20.101929
}
