{
  "total_time": 38.399557,
  "io_time": 12.016078,
  "comm_time": 20.065577
}
