{
  "total_time": 38.419593,
  "io_time": 12.015552,
  "comm_time": 19.761574
}
