{
  "total_time": 38.402141,
  "io_time": 12.013305,
  "comm_time": 20.071886
}
