{
  "total_time": 38.402070,
  "io_time": 12.015384,
  "comm_time": 20.137896
}
