{
  "total_time": 38.391772,
  "io_time": 12.012894,
  "comm_time": 20.089526
}
