{
  "total_time": 38.370876,
  "io_time": 12.015614,
  "comm_time": 20.163386
}
