{
  "total_time": 38.400045,
  "io_time": 12.014689,
  "comm_time": 20.110466
}
