{
  "total_time": 38.419606,
  "io_time": 12.008662,
  "comm_time": 20.084722
}
