{
  "total_time": 38.419593,
  "io_time": 12.016216,
  "comm_time": 20.114285
}
