{
  "total_time": 38.419591,
  "io_time": 12.014854,
  "comm_time": 20.096334
}
