{
  "total_time": 38.402103,
  "io_time": 12.016638,
  "comm_time": 20.051737
}
