{
  "total_time": 38.402116,
  "io_time": 12.012686,
  "comm_time": 20.097334
}
