{
  "total_time": 38.400149,
  "io_time": 12.014697,
  "comm_time": 20.077107
}
