{
  "total_time": 38.402174,
  "io_time": 12.012116,
  "comm_time": 20.121910
}
