{
  "total_time": 38.399556,
  "io_time": 12.014204,
  "comm_time": 20.083423
}
