{
  "total_time": 38.390806,
  "io_time": 12.012891,
  "comm_time": 20.092506
}
