{
  "total_time": 38.419606,
  "io_time": 12.012593,
  "comm_time": 20.086523
}
