{
  "total_time": 38.348508,
  "io_time": 12.013624,
  "comm_time": 20.066150
}
