{
  "total_time": 38.402087,
  "io_time": 12.014622,
  "comm_time": 20.083535
}
