{
  "total_time": 38.348496,
  "io_time": 12.012473,
  "comm_time": 20.101618
}
