{
  "total_time": 38.370830,
  "io_time": 12.012890,
  "comm_time": 20.083578
}
