{
  "total_time": 38.370884,
  "io_time": 12.014837,
  "comm_time": 20.045188
}
