{
  "total_time": 38.370887,
  "io_time": 12.014377,
  "comm_time": 20.019129
}
