{
  "total_time": 38.370776,
  "io_time": 12.014181,
  "comm_time": 20.062381
}
