{
  "total_time": 38.360715,
  "io_time": 12.017252,
  "comm_time": 20.097789
}
