{
  "total_time": 38.370521,
  "io_time": 12.012630,
  "comm_time": 20.069606
}
