{
  "total_time": 38.370975,
  "io_time": 12.011027,
  "comm_time": 20.090178
}
