{
  "total_time": 38.402169,
  "io_time": 12.012450,
  "comm_time": 20.104317
}
