{
  "total_time": 38.381225,
  "io_time": 12.013606,
  "comm_time": 20.073606
}
