{
  "total_time": 38.371422,
  "io_time": 12.012719,
  "comm_time": 20.096370
}
