{
  "total_time": 54.710828,
  "io_time": 10.775046,
  "comm_time": 17.978207
}
