{
  "total_time": 54.710760,
  "io_time": 10.775461,
  "comm_time": 17.730364
}
