{
  "total_time": 54.710835,
  "io_time": 10.776010,
  "comm_time": 18.042000
}
