{
  "total_time": 54.710916,
  "io_time": 10.776925,
  "comm_time": 18.130296
}
