{
  "total_time": 54.710798,
  "io_time": 10.772718,
  "comm_time": 17.763076
}
