{
  "total_time": 54.710812,
  "io_time": 10.776474,
  "comm_time": 16.935175
}
