{
  "total_time": 54.710791,
  "io_time": 10.777160,
  "comm_time": 18.033090
}
