{
  "total_time": 54.710798,
  "io_time": 10.773638,
  "comm_time": 17.941724
}
