{
  "total_time": 55.526571,
  "io_time": 11.594765,
  "comm_time": 17.551282
}
