{
  "total_time": 54.710766,
  "io_time": 10.776242,
  "comm_time": 18.324178
}
