{
  "total_time": 54.710835,
  "io_time": 10.773347,
  "comm_time": 17.988935
}
