{
  "total_time": 54.710799,
  "io_time": 10.773754,
  "comm_time": 18.044448
}
